BRANCH_CODE,CUST_AC_NO,JOINT_HOLDER_CODE,JOINT_HOLDER_DESCRIPTION,JOINT_HOLDER,VERSION_NO,INSURED,AC_OPERATION_ALLOWED
001,100000000001,JOINT_HOLDER,Synthetic banking joint_holder_desc,J,6337,I,A
002,100000000002,JOINT_HOLDER,Synthetic banking joint_holder_desc,J,8472,I,A
003,100000000003,JOINT_HOLDER,Synthetic banking joint_holder_desc,J,5917,I,A
004,100000000004,JOINT_HOLDER,Synthetic banking joint_holder_desc,J,4455,I,A
005,100000000005,JOINT_HOLDER,Synthetic banking joint_holder_desc,J,7858,I,A
006,100000000006,JOINT_HOLDER,Synthetic banking joint_holder_desc,J,3066,I,A
007,100000000007,JOINT_HOLDER,Synthetic banking joint_holder_desc,J,1311,I,A
008,100000000008,JOINT_HOLDER,Synthetic banking joint_holder_desc,J,1323,I,A
009,100000000009,JOINT_HOLDER,Synthetic banking joint_holder_desc,J,635,I,A
010,100000000010,JOINT_HOLDER,Synthetic banking joint_holder_desc,J,8685,I,A
011,100000000011,JOINT_HOLDER,Synthetic banking joint_holder_desc,J,3822,I,A
012,100000000012,JOINT_HOLDER,Synthetic banking joint_holder_desc,J,2433,I,A
013,100000000013,JOINT_HOLDER,Synthetic banking joint_holder_desc,J,386,I,A
014,100000000014,JOINT_HOLDER,Synthetic banking joint_holder_desc,J,3562,I,A
015,100000000015,JOINT_HOLDER,Synthetic banking joint_holder_desc,J,1246,I,A
016,100000000016,JOINT_HOLDER,Synthetic banking joint_holder_desc,J,2799,I,A
017,100000000017,JOINT_HOLDER,Synthetic banking joint_holder_desc,J,8974,I,A
018,100000000018,JOINT_HOLDER,Synthetic banking joint_holder_desc,J,3836,I,A
019,100000000019,JOINT_HOLDER,Synthetic banking joint_holder_desc,J,5401,I,A
020,100000000020,JOINT_HOLDER,Synthetic banking joint_holder_desc,J,4391,I,A
021,100000000021,JOINT_HOLDER,Synthetic banking joint_holder_desc,J,5590,I,A
022,100000000022,JOINT_HOLDER,Synthetic banking joint_holder_desc,J,2514,I,A
023,100000000023,JOINT_HOLDER,Synthetic banking joint_holder_desc,J,8360,I,A
024,100000000024,JOINT_HOLDER,Synthetic banking joint_holder_desc,J,5639,I,A
025,100000000025,JOINT_HOLDER,Synthetic banking joint_holder_desc,J,2835,I,A
001,100000000026,JOINT_HOLDER,Synthetic banking joint_holder_desc,J,1500,I,A
002,100000000027,JOINT_HOLDER,Synthetic banking joint_holder_desc,J,1655,I,A
003,100000000028,JOINT_HOLDER,Synthetic banking joint_holder_desc,J,7353,I,A
004,100000000029,JOINT_HOLDER,Synthetic banking joint_holder_desc,J,3716,I,A
005,100000000030,JOINT_HOLDER,Synthetic banking joint_holder_desc,J,4581,I,A
006,100000000031,JOINT_HOLDER,Synthetic banking joint_holder_desc,J,1036,I,A
007,100000000032,JOINT_HOLDER,Synthetic banking joint_holder_desc,J,8023,I,A
008,100000000033,JOINT_HOLDER,Synthetic banking joint_holder_desc,J,1048,I,A
009,100000000034,JOINT_HOLDER,Synthetic banking joint_holder_desc,J,2793,I,A
010,100000000035,JOINT_HOLDER,Synthetic banking joint_holder_desc,J,3862,I,A
011,100000000036,JOINT_HOLDER,Synthetic banking joint_holder_desc,J,5733,I,A
012,100000000037,JOINT_HOLDER,Synthetic banking joint_holder_desc,J,2219,I,A
013,100000000038,JOINT_HOLDER,Synthetic banking joint_holder_desc,J,4944,I,A
014,100000000039,JOINT_HOLDER,Synthetic banking joint_holder_desc,J,8911,I,A
015,100000000040,JOINT_HOLDER,Synthetic banking joint_holder_desc,J,7431,I,A
016,100000000041,JOINT_HOLDER,Synthetic banking joint_holder_desc,J,8833,I,A
017,100000000042,JOINT_HOLDER,Synthetic banking joint_holder_desc,J,8583,I,A
018,100000000043,JOINT_HOLDER,Synthetic banking joint_holder_desc,J,8490,I,A
019,100000000044,JOINT_HOLDER,Synthetic banking joint_holder_desc,J,2856,I,A
020,100000000045,JOINT_HOLDER,Synthetic banking joint_holder_desc,J,5689,I,A
021,100000000046,JOINT_HOLDER,Synthetic banking joint_holder_desc,J,6685,I,A
022,100000000047,JOINT_HOLDER,Synthetic banking joint_holder_desc,J,629,I,A
023,100000000048,JOINT_HOLDER,Synthetic banking joint_holder_desc,J,2528,I,A
024,100000000049,JOINT_HOLDER,Synthetic banking joint_holder_desc,J,792,I,A
025,100000000050,JOINT_HOLDER,Synthetic banking joint_holder_desc,J,8709,I,A
001,100000000051,JOINT_HOLDER,Synthetic banking joint_holder_desc,J,1484,I,A
002,100000000052,JOINT_HOLDER,Synthetic banking joint_holder_desc,J,7603,I,A
003,100000000053,JOINT_HOLDER,Synthetic banking joint_holder_desc,J,9299,I,A
004,100000000054,JOINT_HOLDER,Synthetic banking joint_holder_desc,J,9271,I,A
005,100000000055,JOINT_HOLDER,Synthetic banking joint_holder_desc,J,1456,I,A
006,100000000056,JOINT_HOLDER,Synthetic banking joint_holder_desc,J,9257,I,A
007,100000000057,JOINT_HOLDER,Synthetic banking joint_holder_desc,J,3460,I,A
008,100000000058,JOINT_HOLDER,Synthetic banking joint_holder_desc,J,2178,I,A
009,100000000059,JOINT_HOLDER,Synthetic banking joint_holder_desc,J,2702,I,A
010,100000000060,JOINT_HOLDER,Synthetic banking joint_holder_desc,J,4954,I,A
011,100000000061,JOINT_HOLDER,Synthetic banking joint_holder_desc,J,33,I,A
012,100000000062,JOINT_HOLDER,Synthetic banking joint_holder_desc,J,3584,I,A
013,100000000063,JOINT_HOLDER,Synthetic banking joint_holder_desc,J,180,I,A
014,100000000064,JOINT_HOLDER,Synthetic banking joint_holder_desc,J,4194,I,A
015,100000000065,JOINT_HOLDER,Synthetic banking joint_holder_desc,J,950,I,A
016,100000000066,JOINT_HOLDER,Synthetic banking joint_holder_desc,J,6893,I,A
017,100000000067,JOINT_HOLDER,Synthetic banking joint_holder_desc,J,6726,I,A
018,100000000068,JOINT_HOLDER,Synthetic banking joint_holder_desc,J,9974,I,A
019,100000000069,JOINT_HOLDER,Synthetic banking joint_holder_desc,J,5496,I,A
020,100000000070,JOINT_HOLDER,Synthetic banking joint_holder_desc,J,4335,I,A
021,100000000071,JOINT_HOLDER,Synthetic banking joint_holder_desc,J,6010,I,A
022,100000000072,JOINT_HOLDER,Synthetic banking joint_holder_desc,J,5016,I,A
023,100000000073,JOINT_HOLDER,Synthetic banking joint_holder_desc,J,4099,I,A
024,100000000074,JOINT_HOLDER,Synthetic banking joint_holder_desc,J,5437,I,A
025,100000000075,JOINT_HOLDER,Synthetic banking joint_holder_desc,J,2439,I,A
001,100000000076,JOINT_HOLDER,Synthetic banking joint_holder_desc,J,7976,I,A
002,100000000077,JOINT_HOLDER,Synthetic banking joint_holder_desc,J,1684,I,A
003,100000000078,JOINT_HOLDER,Synthetic banking joint_holder_desc,J,3709,I,A
004,100000000079,JOINT_HOLDER,Synthetic banking joint_holder_desc,J,5271,I,A
005,100000000080,JOINT_HOLDER,Synthetic banking joint_holder_desc,J,4529,I,A
006,100000000081,JOINT_HOLDER,Synthetic banking joint_holder_desc,J,1947,I,A
007,100000000082,JOINT_HOLDER,Synthetic banking joint_holder_desc,J,3458,I,A
008,100000000083,JOINT_HOLDER,Synthetic banking joint_holder_desc,J,6454,I,A
009,100000000084,JOINT_HOLDER,Synthetic banking joint_holder_desc,J,183,I,A
010,100000000085,JOINT_HOLDER,Synthetic banking joint_holder_desc,J,483,I,A
011,100000000086,JOINT_HOLDER,Synthetic banking joint_holder_desc,J,4158,I,A
012,100000000087,JOINT_HOLDER,Synthetic banking joint_holder_desc,J,6175,I,A
013,100000000088,JOINT_HOLDER,Synthetic banking joint_holder_desc,J,3581,I,A
014,100000000089,JOINT_HOLDER,Synthetic banking joint_holder_desc,J,7012,I,A
015,100000000090,JOINT_HOLDER,Synthetic banking joint_holder_desc,J,6737,I,A
016,100000000091,JOINT_HOLDER,Synthetic banking joint_holder_desc,J,3684,I,A
017,100000000092,JOINT_HOLDER,Synthetic banking joint_holder_desc,J,6558,I,A
018,100000000093,JOINT_HOLDER,Synthetic banking joint_holder_desc,J,369,I,A
019,100000000094,JOINT_HOLDER,Synthetic banking joint_holder_desc,J,4621,I,A
020,100000000095,JOINT_HOLDER,Synthetic banking joint_holder_desc,J,1813,I,A
021,100000000096,JOINT_HOLDER,Synthetic banking joint_holder_desc,J,8196,I,A
022,100000000097,JOINT_HOLDER,Synthetic banking joint_holder_desc,J,5646,I,A
023,100000000098,JOINT_HOLDER,Synthetic banking joint_holder_desc,J,817,I,A
024,100000000099,JOINT_HOLDER,Synthetic banking joint_holder_desc,J,2980,I,A
025,100000000100,JOINT_HOLDER,Synthetic banking joint_holder_desc,J,6692,I,A
001,100000000101,JOINT_HOLDER,Synthetic banking joint_holder_desc,J,9562,I,A
002,100000000102,JOINT_HOLDER,Synthetic banking joint_holder_desc,J,6654,I,A
003,100000000103,JOINT_HOLDER,Synthetic banking joint_holder_desc,J,220,I,A
004,100000000104,JOINT_HOLDER,Synthetic banking joint_holder_desc,J,5331,I,A
005,100000000105,JOINT_HOLDER,Synthetic banking joint_holder_desc,J,8219,I,A
006,100000000106,JOINT_HOLDER,Synthetic banking joint_holder_desc,J,2064,I,A
007,100000000107,JOINT_HOLDER,Synthetic banking joint_holder_desc,J,6107,I,A
008,100000000108,JOINT_HOLDER,Synthetic banking joint_holder_desc,J,2784,I,A
009,100000000109,JOINT_HOLDER,Synthetic banking joint_holder_desc,J,7955,I,A
010,100000000110,JOINT_HOLDER,Synthetic banking joint_holder_desc,J,1255,I,A
011,100000000111,JOINT_HOLDER,Synthetic banking joint_holder_desc,J,6338,I,A
012,100000000112,JOINT_HOLDER,Synthetic banking joint_holder_desc,J,8294,I,A
013,100000000113,JOINT_HOLDER,Synthetic banking joint_holder_desc,J,5982,I,A
014,100000000114,JOINT_HOLDER,Synthetic banking joint_holder_desc,J,3668,I,A
015,100000000115,JOINT_HOLDER,Synthetic banking joint_holder_desc,J,924,I,A
016,100000000116,JOINT_HOLDER,Synthetic banking joint_holder_desc,J,8286,I,A
017,100000000117,JOINT_HOLDER,Synthetic banking joint_holder_desc,J,6199,I,A
018,100000000118,JOINT_HOLDER,Synthetic banking joint_holder_desc,J,4802,I,A
019,100000000119,JOINT_HOLDER,Synthetic banking joint_holder_desc,J,8640,I,A
020,100000000120,JOINT_HOLDER,Synthetic banking joint_holder_desc,J,1710,I,A
021,100000000121,JOINT_HOLDER,Synthetic banking joint_holder_desc,J,8224,I,A
022,100000000122,JOINT_HOLDER,Synthetic banking joint_holder_desc,J,7550,I,A
023,100000000123,JOINT_HOLDER,Synthetic banking joint_holder_desc,J,9431,I,A
024,100000000124,JOINT_HOLDER,Synthetic banking joint_holder_desc,J,4595,I,A
025,100000000125,JOINT_HOLDER,Synthetic banking joint_holder_desc,J,4713,I,A
001,100000000126,JOINT_HOLDER,Synthetic banking joint_holder_desc,J,5040,I,A
002,100000000127,JOINT_HOLDER,Synthetic banking joint_holder_desc,J,4149,I,A
003,100000000128,JOINT_HOLDER,Synthetic banking joint_holder_desc,J,9975,I,A
004,100000000129,JOINT_HOLDER,Synthetic banking joint_holder_desc,J,2164,I,A
005,100000000130,JOINT_HOLDER,Synthetic banking joint_holder_desc,J,3197,I,A
006,100000000131,JOINT_HOLDER,Synthetic banking joint_holder_desc,J,8015,I,A
007,100000000132,JOINT_HOLDER,Synthetic banking joint_holder_desc,J,6588,I,A
008,100000000133,JOINT_HOLDER,Synthetic banking joint_holder_desc,J,1083,I,A
009,100000000134,JOINT_HOLDER,Synthetic banking joint_holder_desc,J,8730,I,A
010,100000000135,JOINT_HOLDER,Synthetic banking joint_holder_desc,J,6593,I,A
011,100000000136,JOINT_HOLDER,Synthetic banking joint_holder_desc,J,3738,I,A
012,100000000137,JOINT_HOLDER,Synthetic banking joint_holder_desc,J,7931,I,A
013,100000000138,JOINT_HOLDER,Synthetic banking joint_holder_desc,J,3062,I,A
014,100000000139,JOINT_HOLDER,Synthetic banking joint_holder_desc,J,4059,I,A
015,100000000140,JOINT_HOLDER,Synthetic banking joint_holder_desc,J,6776,I,A
016,100000000141,JOINT_HOLDER,Synthetic banking joint_holder_desc,J,6790,I,A
017,100000000142,JOINT_HOLDER,Synthetic banking joint_holder_desc,J,1431,I,A
018,100000000143,JOINT_HOLDER,Synthetic banking joint_holder_desc,J,5742,I,A
019,100000000144,JOINT_HOLDER,Synthetic banking joint_holder_desc,J,9225,I,A
020,100000000145,JOINT_HOLDER,Synthetic banking joint_holder_desc,J,1528,I,A
021,100000000146,JOINT_HOLDER,Synthetic banking joint_holder_desc,J,6609,I,A
022,100000000147,JOINT_HOLDER,Synthetic banking joint_holder_desc,J,220,I,A
023,100000000148,JOINT_HOLDER,Synthetic banking joint_holder_desc,J,1176,I,A
024,100000000149,JOINT_HOLDER,Synthetic banking joint_holder_desc,J,2226,I,A
025,100000000150,JOINT_HOLDER,Synthetic banking joint_holder_desc,J,5346,I,A
001,100000000151,JOINT_HOLDER,Synthetic banking joint_holder_desc,J,9638,I,A
002,100000000152,JOINT_HOLDER,Synthetic banking joint_holder_desc,J,7713,I,A
003,100000000153,JOINT_HOLDER,Synthetic banking joint_holder_desc,J,5627,I,A
004,100000000154,JOINT_HOLDER,Synthetic banking joint_holder_desc,J,4588,I,A
005,100000000155,JOINT_HOLDER,Synthetic banking joint_holder_desc,J,3454,I,A
006,100000000156,JOINT_HOLDER,Synthetic banking joint_holder_desc,J,7098,I,A
007,100000000157,JOINT_HOLDER,Synthetic banking joint_holder_desc,J,2514,I,A
008,100000000158,JOINT_HOLDER,Synthetic banking joint_holder_desc,J,3330,I,A
009,100000000159,JOINT_HOLDER,Synthetic banking joint_holder_desc,J,8752,I,A
010,100000000160,JOINT_HOLDER,Synthetic banking joint_holder_desc,J,3218,I,A
011,100000000161,JOINT_HOLDER,Synthetic banking joint_holder_desc,J,7574,I,A
012,100000000162,JOINT_HOLDER,Synthetic banking joint_holder_desc,J,7284,I,A
013,100000000163,JOINT_HOLDER,Synthetic banking joint_holder_desc,J,4626,I,A
014,100000000164,JOINT_HOLDER,Synthetic banking joint_holder_desc,J,4131,I,A
015,100000000165,JOINT_HOLDER,Synthetic banking joint_holder_desc,J,2347,I,A
016,100000000166,JOINT_HOLDER,Synthetic banking joint_holder_desc,J,3235,I,A
017,100000000167,JOINT_HOLDER,Synthetic banking joint_holder_desc,J,4758,I,A
018,100000000168,JOINT_HOLDER,Synthetic banking joint_holder_desc,J,199,I,A
019,100000000169,JOINT_HOLDER,Synthetic banking joint_holder_desc,J,3208,I,A
020,100000000170,JOINT_HOLDER,Synthetic banking joint_holder_desc,J,5242,I,A
021,100000000171,JOINT_HOLDER,Synthetic banking joint_holder_desc,J,4687,I,A
022,100000000172,JOINT_HOLDER,Synthetic banking joint_holder_desc,J,9588,I,A
023,100000000173,JOINT_HOLDER,Synthetic banking joint_holder_desc,J,4512,I,A
024,100000000174,JOINT_HOLDER,Synthetic banking joint_holder_desc,J,374,I,A
025,100000000175,JOINT_HOLDER,Synthetic banking joint_holder_desc,J,2199,I,A
001,100000000176,JOINT_HOLDER,Synthetic banking joint_holder_desc,J,2302,I,A
002,100000000177,JOINT_HOLDER,Synthetic banking joint_holder_desc,J,7056,I,A
003,100000000178,JOINT_HOLDER,Synthetic banking joint_holder_desc,J,5936,I,A
004,100000000179,JOINT_HOLDER,Synthetic banking joint_holder_desc,J,6404,I,A
005,100000000180,JOINT_HOLDER,Synthetic banking joint_holder_desc,J,204,I,A
006,100000000181,JOINT_HOLDER,Synthetic banking joint_holder_desc,J,7750,I,A
007,100000000182,JOINT_HOLDER,Synthetic banking joint_holder_desc,J,2644,I,A
008,100000000183,JOINT_HOLDER,Synthetic banking joint_holder_desc,J,4640,I,A
009,100000000184,JOINT_HOLDER,Synthetic banking joint_holder_desc,J,328,I,A
010,100000000185,JOINT_HOLDER,Synthetic banking joint_holder_desc,J,9103,I,A
011,100000000186,JOINT_HOLDER,Synthetic banking joint_holder_desc,J,5388,I,A
012,100000000187,JOINT_HOLDER,Synthetic banking joint_holder_desc,J,9284,I,A
013,100000000188,JOINT_HOLDER,Synthetic banking joint_holder_desc,J,9429,I,A
014,100000000189,JOINT_HOLDER,Synthetic banking joint_holder_desc,J,8258,I,A
015,100000000190,JOINT_HOLDER,Synthetic banking joint_holder_desc,J,1956,I,A
016,100000000191,JOINT_HOLDER,Synthetic banking joint_holder_desc,J,1188,I,A
017,100000000192,JOINT_HOLDER,Synthetic banking joint_holder_desc,J,4896,I,A
018,100000000193,JOINT_HOLDER,Synthetic banking joint_holder_desc,J,5261,I,A
019,100000000194,JOINT_HOLDER,Synthetic banking joint_holder_desc,J,1417,I,A
020,100000000195,JOINT_HOLDER,Synthetic banking joint_holder_desc,J,4542,I,A
021,100000000196,JOINT_HOLDER,Synthetic banking joint_holder_desc,J,5049,I,A
022,100000000197,JOINT_HOLDER,Synthetic banking joint_holder_desc,J,7460,I,A
023,100000000198,JOINT_HOLDER,Synthetic banking joint_holder_desc,J,3051,I,A
024,100000000199,JOINT_HOLDER,Synthetic banking joint_holder_desc,J,8698,I,A
025,100000000200,JOINT_HOLDER,Synthetic banking joint_holder_desc,J,7685,I,A
001,100000000201,JOINT_HOLDER,Synthetic banking joint_holder_desc,J,3630,I,A
002,100000000202,JOINT_HOLDER,Synthetic banking joint_holder_desc,J,8978,I,A
003,100000000203,JOINT_HOLDER,Synthetic banking joint_holder_desc,J,7431,I,A
004,100000000204,JOINT_HOLDER,Synthetic banking joint_holder_desc,J,9797,I,A
005,100000000205,JOINT_HOLDER,Synthetic banking joint_holder_desc,J,9085,I,A
006,100000000206,JOINT_HOLDER,Synthetic banking joint_holder_desc,J,3773,I,A
007,100000000207,JOINT_HOLDER,Synthetic banking joint_holder_desc,J,575,I,A
008,100000000208,JOINT_HOLDER,Synthetic banking joint_holder_desc,J,5688,I,A
009,100000000209,JOINT_HOLDER,Synthetic banking joint_holder_desc,J,3889,I,A
010,100000000210,JOINT_HOLDER,Synthetic banking joint_holder_desc,J,4509,I,A
011,100000000211,JOINT_HOLDER,Synthetic banking joint_holder_desc,J,1783,I,A
012,100000000212,JOINT_HOLDER,Synthetic banking joint_holder_desc,J,680,I,A
013,100000000213,JOINT_HOLDER,Synthetic banking joint_holder_desc,J,9504,I,A
014,100000000214,JOINT_HOLDER,Synthetic banking joint_holder_desc,J,4294,I,A
015,100000000215,JOINT_HOLDER,Synthetic banking joint_holder_desc,J,3748,I,A
016,100000000216,JOINT_HOLDER,Synthetic banking joint_holder_desc,J,4747,I,A
017,100000000217,JOINT_HOLDER,Synthetic banking joint_holder_desc,J,1665,I,A
018,100000000218,JOINT_HOLDER,Synthetic banking joint_holder_desc,J,690,I,A
019,100000000219,JOINT_HOLDER,Synthetic banking joint_holder_desc,J,7251,I,A
020,100000000220,JOINT_HOLDER,Synthetic banking joint_holder_desc,J,4251,I,A
021,100000000221,JOINT_HOLDER,Synthetic banking joint_holder_desc,J,8679,I,A
022,100000000222,JOINT_HOLDER,Synthetic banking joint_holder_desc,J,2971,I,A
023,100000000223,JOINT_HOLDER,Synthetic banking joint_holder_desc,J,4698,I,A
024,100000000224,JOINT_HOLDER,Synthetic banking joint_holder_desc,J,4170,I,A
025,100000000225,JOINT_HOLDER,Synthetic banking joint_holder_desc,J,4191,I,A
001,100000000226,JOINT_HOLDER,Synthetic banking joint_holder_desc,J,7573,I,A
002,100000000227,JOINT_HOLDER,Synthetic banking joint_holder_desc,J,876,I,A
003,100000000228,JOINT_HOLDER,Synthetic banking joint_holder_desc,J,6003,I,A
004,100000000229,JOINT_HOLDER,Synthetic banking joint_holder_desc,J,5924,I,A
005,100000000230,JOINT_HOLDER,Synthetic banking joint_holder_desc,J,3413,I,A
006,100000000231,JOINT_HOLDER,Synthetic banking joint_holder_desc,J,1404,I,A
007,100000000232,JOINT_HOLDER,Synthetic banking joint_holder_desc,J,4885,I,A
008,100000000233,JOINT_HOLDER,Synthetic banking joint_holder_desc,J,7938,I,A
009,100000000234,JOINT_HOLDER,Synthetic banking joint_holder_desc,J,2453,I,A
010,100000000235,JOINT_HOLDER,Synthetic banking joint_holder_desc,J,2717,I,A
011,100000000236,JOINT_HOLDER,Synthetic banking joint_holder_desc,J,7492,I,A
012,100000000237,JOINT_HOLDER,Synthetic banking joint_holder_desc,J,4167,I,A
013,100000000238,JOINT_HOLDER,Synthetic banking joint_holder_desc,J,1034,I,A
014,100000000239,JOINT_HOLDER,Synthetic banking joint_holder_desc,J,5910,I,A
015,100000000240,JOINT_HOLDER,Synthetic banking joint_holder_desc,J,3429,I,A
016,100000000241,JOINT_HOLDER,Synthetic banking joint_holder_desc,J,5952,I,A
017,100000000242,JOINT_HOLDER,Synthetic banking joint_holder_desc,J,6385,I,A
018,100000000243,JOINT_HOLDER,Synthetic banking joint_holder_desc,J,7719,I,A
019,100000000244,JOINT_HOLDER,Synthetic banking joint_holder_desc,J,7467,I,A
020,100000000245,JOINT_HOLDER,Synthetic banking joint_holder_desc,J,3256,I,A
021,100000000246,JOINT_HOLDER,Synthetic banking joint_holder_desc,J,5292,I,A
022,100000000247,JOINT_HOLDER,Synthetic banking joint_holder_desc,J,4284,I,A
023,100000000248,JOINT_HOLDER,Synthetic banking joint_holder_desc,J,8887,I,A
024,100000000249,JOINT_HOLDER,Synthetic banking joint_holder_desc,J,7940,I,A
025,100000000250,JOINT_HOLDER,Synthetic banking joint_holder_desc,J,8031,I,A
001,100000000251,JOINT_HOLDER,Synthetic banking joint_holder_desc,J,7665,I,A
002,100000000252,JOINT_HOLDER,Synthetic banking joint_holder_desc,J,1870,I,A
003,100000000253,JOINT_HOLDER,Synthetic banking joint_holder_desc,J,182,I,A
004,100000000254,JOINT_HOLDER,Synthetic banking joint_holder_desc,J,7388,I,A
005,100000000255,JOINT_HOLDER,Synthetic banking joint_holder_desc,J,2203,I,A
006,100000000256,JOINT_HOLDER,Synthetic banking joint_holder_desc,J,8923,I,A
007,100000000257,JOINT_HOLDER,Synthetic banking joint_holder_desc,J,7435,I,A
008,100000000258,JOINT_HOLDER,Synthetic banking joint_holder_desc,J,3781,I,A
009,100000000259,JOINT_HOLDER,Synthetic banking joint_holder_desc,J,3455,I,A
010,100000000260,JOINT_HOLDER,Synthetic banking joint_holder_desc,J,9021,I,A
011,100000000261,JOINT_HOLDER,Synthetic banking joint_holder_desc,J,9421,I,A
012,100000000262,JOINT_HOLDER,Synthetic banking joint_holder_desc,J,7498,I,A
013,100000000263,JOINT_HOLDER,Synthetic banking joint_holder_desc,J,4176,I,A
014,100000000264,JOINT_HOLDER,Synthetic banking joint_holder_desc,J,4951,I,A
015,100000000265,JOINT_HOLDER,Synthetic banking joint_holder_desc,J,8233,I,A
016,100000000266,JOINT_HOLDER,Synthetic banking joint_holder_desc,J,1115,I,A
017,100000000267,JOINT_HOLDER,Synthetic banking joint_holder_desc,J,293,I,A
018,100000000268,JOINT_HOLDER,Synthetic banking joint_holder_desc,J,9870,I,A
019,100000000269,JOINT_HOLDER,Synthetic banking joint_holder_desc,J,9626,I,A
020,100000000270,JOINT_HOLDER,Synthetic banking joint_holder_desc,J,4860,I,A
021,100000000271,JOINT_HOLDER,Synthetic banking joint_holder_desc,J,975,I,A
022,100000000272,JOINT_HOLDER,Synthetic banking joint_holder_desc,J,543,I,A
023,100000000273,JOINT_HOLDER,Synthetic banking joint_holder_desc,J,6401,I,A
024,100000000274,JOINT_HOLDER,Synthetic banking joint_holder_desc,J,6270,I,A
025,100000000275,JOINT_HOLDER,Synthetic banking joint_holder_desc,J,7751,I,A
001,100000000276,JOINT_HOLDER,Synthetic banking joint_holder_desc,J,8409,I,A
002,100000000277,JOINT_HOLDER,Synthetic banking joint_holder_desc,J,9250,I,A
003,100000000278,JOINT_HOLDER,Synthetic banking joint_holder_desc,J,2577,I,A
004,100000000279,JOINT_HOLDER,Synthetic banking joint_holder_desc,J,8892,I,A
005,100000000280,JOINT_HOLDER,Synthetic banking joint_holder_desc,J,7733,I,A
006,100000000281,JOINT_HOLDER,Synthetic banking joint_holder_desc,J,9975,I,A
007,100000000282,JOINT_HOLDER,Synthetic banking joint_holder_desc,J,468,I,A
008,100000000283,JOINT_HOLDER,Synthetic banking joint_holder_desc,J,9407,I,A
009,100000000284,JOINT_HOLDER,Synthetic banking joint_holder_desc,J,548,I,A
010,100000000285,JOINT_HOLDER,Synthetic banking joint_holder_desc,J,6540,I,A
011,100000000286,JOINT_HOLDER,Synthetic banking joint_holder_desc,J,685,I,A
012,100000000287,JOINT_HOLDER,Synthetic banking joint_holder_desc,J,6395,I,A
013,100000000288,JOINT_HOLDER,Synthetic banking joint_holder_desc,J,7954,I,A
014,100000000289,JOINT_HOLDER,Synthetic banking joint_holder_desc,J,700,I,A
015,100000000290,JOINT_HOLDER,Synthetic banking joint_holder_desc,J,3607,I,A
016,100000000291,JOINT_HOLDER,Synthetic banking joint_holder_desc,J,5094,I,A
017,100000000292,JOINT_HOLDER,Synthetic banking joint_holder_desc,J,2777,I,A
018,100000000293,JOINT_HOLDER,Synthetic banking joint_holder_desc,J,3868,I,A
019,100000000294,JOINT_HOLDER,Synthetic banking joint_holder_desc,J,4336,I,A
020,100000000295,JOINT_HOLDER,Synthetic banking joint_holder_desc,J,140,I,A
021,100000000296,JOINT_HOLDER,Synthetic banking joint_holder_desc,J,9570,I,A
022,100000000297,JOINT_HOLDER,Synthetic banking joint_holder_desc,J,7190,I,A
023,100000000298,JOINT_HOLDER,Synthetic banking joint_holder_desc,J,1101,I,A
024,100000000299,JOINT_HOLDER,Synthetic banking joint_holder_desc,J,4634,I,A
025,100000000300,JOINT_HOLDER,Synthetic banking joint_holder_desc,J,8680,I,A
001,100000000301,JOINT_HOLDER,Synthetic banking joint_holder_desc,J,8240,I,A
002,100000000302,JOINT_HOLDER,Synthetic banking joint_holder_desc,J,6318,I,A
003,100000000303,JOINT_HOLDER,Synthetic banking joint_holder_desc,J,4485,I,A
004,100000000304,JOINT_HOLDER,Synthetic banking joint_holder_desc,J,9739,I,A
005,100000000305,JOINT_HOLDER,Synthetic banking joint_holder_desc,J,2200,I,A
006,100000000306,JOINT_HOLDER,Synthetic banking joint_holder_desc,J,9153,I,A
007,100000000307,JOINT_HOLDER,Synthetic banking joint_holder_desc,J,4024,I,A
008,100000000308,JOINT_HOLDER,Synthetic banking joint_holder_desc,J,3766,I,A
009,100000000309,JOINT_HOLDER,Synthetic banking joint_holder_desc,J,441,I,A
010,100000000310,JOINT_HOLDER,Synthetic banking joint_holder_desc,J,514,I,A
011,100000000311,JOINT_HOLDER,Synthetic banking joint_holder_desc,J,8428,I,A
012,100000000312,JOINT_HOLDER,Synthetic banking joint_holder_desc,J,6261,I,A
013,100000000313,JOINT_HOLDER,Synthetic banking joint_holder_desc,J,2698,I,A
014,100000000314,JOINT_HOLDER,Synthetic banking joint_holder_desc,J,7908,I,A
015,100000000315,JOINT_HOLDER,Synthetic banking joint_holder_desc,J,8526,I,A
016,100000000316,JOINT_HOLDER,Synthetic banking joint_holder_desc,J,7262,I,A
017,100000000317,JOINT_HOLDER,Synthetic banking joint_holder_desc,J,3069,I,A
018,100000000318,JOINT_HOLDER,Synthetic banking joint_holder_desc,J,6955,I,A
019,100000000319,JOINT_HOLDER,Synthetic banking joint_holder_desc,J,4716,I,A
020,100000000320,JOINT_HOLDER,Synthetic banking joint_holder_desc,J,798,I,A
021,100000000321,JOINT_HOLDER,Synthetic banking joint_holder_desc,J,4236,I,A
022,100000000322,JOINT_HOLDER,Synthetic banking joint_holder_desc,J,3629,I,A
023,100000000323,JOINT_HOLDER,Synthetic banking joint_holder_desc,J,5334,I,A
024,100000000324,JOINT_HOLDER,Synthetic banking joint_holder_desc,J,1558,I,A
025,100000000325,JOINT_HOLDER,Synthetic banking joint_holder_desc,J,1756,I,A
001,100000000326,JOINT_HOLDER,Synthetic banking joint_holder_desc,J,612,I,A
002,100000000327,JOINT_HOLDER,Synthetic banking joint_holder_desc,J,6440,I,A
003,100000000328,JOINT_HOLDER,Synthetic banking joint_holder_desc,J,408,I,A
004,100000000329,JOINT_HOLDER,Synthetic banking joint_holder_desc,J,590,I,A
005,100000000330,JOINT_HOLDER,Synthetic banking joint_holder_desc,J,9363,I,A
006,100000000331,JOINT_HOLDER,Synthetic banking joint_holder_desc,J,2551,I,A
007,100000000332,JOINT_HOLDER,Synthetic banking joint_holder_desc,J,2972,I,A
008,100000000333,JOINT_HOLDER,Synthetic banking joint_holder_desc,J,3620,I,A
009,100000000334,JOINT_HOLDER,Synthetic banking joint_holder_desc,J,6370,I,A
010,100000000335,JOINT_HOLDER,Synthetic banking joint_holder_desc,J,1104,I,A
011,100000000336,JOINT_HOLDER,Synthetic banking joint_holder_desc,J,7832,I,A
012,100000000337,JOINT_HOLDER,Synthetic banking joint_holder_desc,J,6195,I,A
013,100000000338,JOINT_HOLDER,Synthetic banking joint_holder_desc,J,6410,I,A
014,100000000339,JOINT_HOLDER,Synthetic banking joint_holder_desc,J,399,I,A
015,100000000340,JOINT_HOLDER,Synthetic banking joint_holder_desc,J,2035,I,A
016,100000000341,JOINT_HOLDER,Synthetic banking joint_holder_desc,J,4690,I,A
017,100000000342,JOINT_HOLDER,Synthetic banking joint_holder_desc,J,3515,I,A
018,100000000343,JOINT_HOLDER,Synthetic banking joint_holder_desc,J,8,I,A
019,100000000344,JOINT_HOLDER,Synthetic banking joint_holder_desc,J,5247,I,A
020,100000000345,JOINT_HOLDER,Synthetic banking joint_holder_desc,J,7868,I,A
021,100000000346,JOINT_HOLDER,Synthetic banking joint_holder_desc,J,7759,I,A
022,100000000347,JOINT_HOLDER,Synthetic banking joint_holder_desc,J,1862,I,A
023,100000000348,JOINT_HOLDER,Synthetic banking joint_holder_desc,J,218,I,A
024,100000000349,JOINT_HOLDER,Synthetic banking joint_holder_desc,J,118,I,A
025,100000000350,JOINT_HOLDER,Synthetic banking joint_holder_desc,J,4007,I,A
001,100000000351,JOINT_HOLDER,Synthetic banking joint_holder_desc,J,3076,I,A
002,100000000352,JOINT_HOLDER,Synthetic banking joint_holder_desc,J,7483,I,A
003,100000000353,JOINT_HOLDER,Synthetic banking joint_holder_desc,J,3363,I,A
004,100000000354,JOINT_HOLDER,Synthetic banking joint_holder_desc,J,1098,I,A
005,100000000355,JOINT_HOLDER,Synthetic banking joint_holder_desc,J,6196,I,A
006,100000000356,JOINT_HOLDER,Synthetic banking joint_holder_desc,J,9659,I,A
007,100000000357,JOINT_HOLDER,Synthetic banking joint_holder_desc,J,8562,I,A
008,100000000358,JOINT_HOLDER,Synthetic banking joint_holder_desc,J,4221,I,A
009,100000000359,JOINT_HOLDER,Synthetic banking joint_holder_desc,J,5136,I,A
010,100000000360,JOINT_HOLDER,Synthetic banking joint_holder_desc,J,3608,I,A
011,100000000361,JOINT_HOLDER,Synthetic banking joint_holder_desc,J,8072,I,A
012,100000000362,JOINT_HOLDER,Synthetic banking joint_holder_desc,J,6675,I,A
013,100000000363,JOINT_HOLDER,Synthetic banking joint_holder_desc,J,6349,I,A
014,100000000364,JOINT_HOLDER,Synthetic banking joint_holder_desc,J,1592,I,A
015,100000000365,JOINT_HOLDER,Synthetic banking joint_holder_desc,J,7711,I,A
016,100000000366,JOINT_HOLDER,Synthetic banking joint_holder_desc,J,7822,I,A
017,100000000367,JOINT_HOLDER,Synthetic banking joint_holder_desc,J,3442,I,A
